{"cameraMode":{"drawMode":0,"name":"Shaded","section":"Shading Mode"},"sceneLighting":false,"audioPlay":false,"sceneViewState":{"showFog":true,"showMaterialUpdate":false,"showSkybox":false,"showFlares":true,"showImageEffects":true,"showParticleSystems":true},"in2DMode":false,"pivot":{"x":0.0,"y":2.3593533039093019,"z":-2.779399871826172},"rotation":{"x":-0.12101009488105774,"y":0.6684399843215942,"z":-0.11151662468910217,"w":-0.7253392338752747},"size":11.884925842285157,"orthographic":false}